id;Felhasználónév;Jelszó;"Előfizetési Kategória"
1;Biró4784;45;Power-Premium
2;Barta7641;34;Power-Premium
3;Szücs8926;01;Power-Plus
4;tenetur443;98;Power
5;nesciunt756;60;Power-Plus
6;voluptatem712;41;Power
7;Horváth7218;91;Power
8;voluptatem187;65;Power-VIP
9;Balogh5774;96;Power-VIP
10;eius981;69;Power-Premium
11;expedita179;99;Power-Plus
12;quis245;67;Power-Premium
13;Varga2140;94;Power
14;nihil100;46;Power
15;Máté5964;47;Power-Premium
16;Kelemen3520;23;Power-Plus
17;Illés6456;94;Power-Plus
18;Fekete8534;29;Power-VIP
19;architecto683;78;Power
20;labore768;13;Power
21;Katona2625;11;Power
22;Fazekas3060;92;Power
23;Sándor7705;19;Power-Premium
24;Váradi1781;54;Power
25;vel225;47;Power
26;culpa213;49;Power
27;minus900;00;Power-Premium
28;Soós5837;37;Power
29;vel344;30;Power
30;incidunt413;39;Power-Plus
31;Pásztor5473;92;Power
32;Tóth4254;45;Power-VIP
33;Pintér9827;54;Power-Premium
34;Balázs2602;58;Power
35;molestiae299;38;Power-VIP
36;sit859;25;Power-Plus
37;vitae815;44;Power-VIP
38;Orosz7429;42;Power-Plus
39;eum487;41;Power-Plus
40;Szűcs6626;83;Power-Plus
41;consectetur726;57;Power-Plus
42;Pintér4023;19;Power-Plus
43;Rácz3334;50;Power-Plus
44;Veres4767;71;Power
45;Pap8712;82;Power-Premium
46;László3430;63;Power-Plus
47;Király3941;28;Power-VIP
48;Jakab5131;95;Power-Plus
49;Faragó9793;51;Power-VIP
50;Tóth2242;32;Power-Premium
51;Takács6652;35;Power
52;perferendis285;69;Power-VIP
53;Lukács4926;54;Power-VIP
54;Szilágyi2715;65;Power-VIP
55;Vincze8158;71;Power
56;accusamus161;93;Power-VIP
57;dolores111;39;Power-VIP
58;dolores504;30;Power-VIP
59;ducimus102;81;Power-Plus
60;omnis511;89;Power
61;Papp2655;33;Power-Plus
62;Szabó9144;93;Power-VIP
63;Kis9503;96;Power-Premium
64;Molnár7365;54;Power-Premium
65;vitae641;22;Power-VIP
66;Tóth3394;71;Power-Plus
67;quod352;53;Power-VIP
68;qui424;44;Power-Premium
69;autem276;10;Power-Plus
70;odio469;27;Power-VIP
71;qui952;89;Power-Premium
72;Kocsis7116;38;Power
73;rerum241;25;Power-VIP
74;odio720;00;Power-Premium
75;corrupti788;80;Power-Plus
76;Vass4598;05;Power-VIP
77;dolorem455;42;Power-Plus
78;et707;67;Power-Premium
79;dolor987;03;Power-Premium
80;minima384;75;Power-VIP
81;enim153;44;Power
82;voluptas207;78;Power-Premium
83;Sándor3240;09;Power
84;nemo746;10;Power-Premium
85;Király1208;16;Power-Plus
86;quia557;80;Power-VIP
87;Mészáros5904;30;Power-Plus
88;Biró4607;78;Power-VIP
89;velit381;55;Power-Plus
90;László2594;72;Power-Premium
91;qui290;69;Power
92;Gáspár3508;53;Power-Plus
93;Bogdán3314;88;Power-Premium
94;Sipos2316;73;Power-Plus
95;quidem556;07;Power
96;Szekeres5331;81;Power-Plus
97;Szabó6138;67;Power-Premium
98;Hajdu6048;21;Power
99;Szilágyi6880;73;Power-VIP
100;eveniet761;07;Power
101;cum469;14;Power-VIP
102;Hegedűs5598;66;Power-Premium
103;Horváth9116;44;Power-VIP
104;Orbán2330;42;Power
105;natus837;20;Power-Plus
106;Lukács7113;06;Power-VIP
107;Gáspár7496;38;Power-VIP
108;odio319;94;Power-Plus
109;aut943;70;Power
110;Simon1015;49;Power-Premium
111;ut913;48;Power-Premium
112;ut485;60;Power-Plus
113;sed884;80;Power-Plus
114;Pap9531;01;Power
115;Fazekas8550;42;Power
116;Pintér8970;35;Power
117;Nagy1482;34;Power-Plus
118;iure580;22;Power-Premium
119;Kovács3581;37;Power-VIP
120;Péter7457;61;Power-VIP
121;est265;32;Power-Plus
122;Barna4176;02;Power-Premium
123;Gáspár7932;79;Power
124;rerum685;64;Power-VIP
125;ipsa256;08;Power-VIP
126;qui352;01;Power-Premium
127;Székely2845;27;Power-Premium
128;culpa358;61;Power-Plus
129;Tamás7024;34;Power-Plus
130;laudantium360;90;Power
131;aut795;12;Power
132;Jónás8653;64;Power
133;corporis417;15;Power-VIP
134;eligendi942;97;Power
135;Balog2225;17;Power
136;Orosz6386;58;Power-VIP
137;Jakab9822;79;Power
138;Péter4570;55;Power-Plus
139;Faragó8982;72;Power-Plus
140;esse642;44;Power-VIP
141;Nagy1664;36;Power
142;reiciendis842;60;Power-VIP
143;voluptatem955;38;Power
144;nulla872;93;Power
145;explicabo455;67;Power
146;Horváth4417;61;Power-VIP
147;Szőke6010;44;Power
148;dolores957;08;Power-Plus
149;Lakatos7013;38;Power-VIP
150;id918;02;Power-Premium
151;voluptatem684;90;Power-Premium
152;omnis984;75;Power
153;Katona1846;41;Power-VIP
154;Orbán3398;48;Power
155;Mészáros4146;80;Power-Premium
156;Fülöp3871;74;Power-Premium
157;ut977;07;Power-Premium
158;voluptatem890;97;Power
159;Bognár8545;49;Power-Plus
160;consequatur215;15;Power-Premium
161;Major7955;47;Power-Premium
162;consequatur508;29;Power-VIP
163;qui965;21;Power-VIP
164;fugiat296;10;Power-Premium
165;atque452;97;Power-Plus
166;Tamás7707;56;Power-Plus
167;Vass4663;85;Power-VIP
168;Németh7943;19;Power-Plus
169;Antal9030;94;Power
170;atque903;21;Power-VIP
171;Molnár7410;11;Power-Premium
172;Szőke4763;24;Power-Plus
173;corrupti802;61;Power-Premium
174;Gáspár9010;24;Power-Premium
175;Szücs3824;73;Power-Premium
176;nostrum171;44;Power-VIP
177;rerum748;46;Power-Plus
178;Gáspár5659;79;Power-VIP
179;László4603;14;Power
180;Végh8838;13;Power-VIP
181;Bálint5030;34;Power
182;Virág4251;46;Power-Plus
183;quas792;91;Power-Premium
184;Vincze9049;62;Power-Plus
185;Szűcs1581;27;Power-VIP
186;Sipos3375;44;Power-Premium
187;Lakatos6747;96;Power
188;Rácz3405;08;Power
189;Szűcs2716;91;Power-Plus
190;Szücs3357;70;Power-Plus
191;Szalai4498;42;Power-Premium
192;aut499;95;Power
193;Major5480;55;Power-Premium
194;Fazekas7217;99;Power
195;Szőke5062;99;Power-VIP
196;aliquam435;84;Power-Premium
197;perferendis514;13;Power
198;Jakab9368;05;Power
199;harum294;37;Power-Plus
200;Biró1703;67;Power-VIP
